{
    "$schema": "http://schema.management.azure.com/schemas/2015-01-01/deploymentTemplate.json#",
    "contentVersion": "1.0.0.0",
    "parameters": {
        "location": {
            "type": "String"
        },
        "vmssName": {
            "type": "String"
        },
        "vmSku": {
            "type": "String"
        },
        "adminUsername": {
            "type": "String"
        },
        "instanceCount": {
            "type": "String"
        },
        "image": {
            "type": "Object"
        },
        "singlePlacementGroup": {
            "type": "String"
        },
        "pipName": {
            "type": "String"
        },
        "pipLabel": {
            "type": "String"
        },
        "skuType": {
            "type": "String"
        },
        "ipAllocationMethod": {
            "type": "String"
        },
        "priority": {
            "type": "String"
        },
        "subnetId": {
            "type": "String"
        },
        "enableAcceleratedNetworking": {
            "type": "String"
        },
        "publicIpAddressPerInstance": {
            "type": "String"
        },
        "upgradeMode": {
            "type": "String"
        },
        "autoscaleDefault": {
            "type": "String"
        },
        "autoscaleMax": {
            "type": "String"
        },
        "autoscaleMin": {
            "type": "String"
        },
        "scaleInCPUPercentageThreshold": {
            "type": "String"
        },
        "scaleInInterval": {
            "type": "String"
        },
        "scaleOutCPUPercentageThreshold": {
            "type": "String"
        },
        "scaleOutInterval": {
            "type": "String"
        },
        "adminPassword": {
            "type": "SecureString"
        },
        "vnetName": {
            "type": "String"
        },
        "subnetResourceGroup": {
            "type": "String"
        }
    },
    "variables": {
        "namingInfix": "[toLower(substring(concat(parameters('vmssName'), uniqueString(resourceGroup().id)), 0, 9))]",
        "networkApiVersion": "2018-01-01",
        "storageApiVersion": "2018-07-01",
        "computeApiVersion": "2019-03-01",
        "autoscaleApiVersion": "2015-04-01",
        "loadBalancerName": "[concat(parameters('vmssName'), 'lb')]",
        "loadBalancerId": "[resourceId('Microsoft.Network/loadBalancers', variables('loadBalancerName'))]",
        "networkSecurityGroupName": "[concat(parameters('vmssName'), 'nsg')]",
        "vmssId": "[resourceId('Microsoft.Compute/virtualMachineScaleSets', parameters('vmssName'))]"
    },
    "resources": [
        {
            "type": "Microsoft.Network/publicIPAddresses",
            "apiVersion": "[variables('networkApiVersion')]",
            "name": "[parameters('pipName')]",
            "location": "[parameters('location')]",
            "sku": {
                "name": "[parameters('skuType')]"
            },
            "properties": {
                "publicIPAllocationMethod": "[parameters('ipAllocationMethod')]",
                "dnsSettings": {
                    "domainNameLabel": "[parameters('pipLabel')]"
                }
            }
        },
        {
            "type": "Microsoft.Network/loadBalancers",
            "apiVersion": "[variables('networkApiVersion')]",
            "name": "[variables('loadBalancerName')]",
            "location": "[parameters('location')]",
            "dependsOn": [
                "[concat('Microsoft.Network/publicIPAddresses/', parameters('pipName'))]"
            ],
            "sku": {
                "name": "[parameters('skuType')]"
            },
            "properties": {
                "frontendIPConfigurations": [
                    {
                        "name": "LoadBalancerFrontEnd",
                        "properties": {
                            "publicIPAddress": {
                                "id": "[resourceId('Microsoft.Network/publicIpAddresses', parameters('pipName'))]"
                            }
                        }
                    }
                ],
                "backendAddressPools": [
                    {
                        "name": "bepool"
                    }
                ],
                "inboundNatPools": [
                    {
                        "name": "natpool",
                        "properties": {
                            "frontendIPConfiguration": {
                                "id": "[concat(variables('loadBalancerId'), '/frontendIPConfigurations/loadBalancerFrontEnd')]"
                            },
                            "protocol": "tcp",
                            "frontendPortRangeStart": "50000",
                            "frontendPortRangeEnd": "50119",
                            "backendPort": "22"
                        }
                    }
                ],
                "probes": [
                    {
                        "name": "tcpProbe",
                        "properties": {
                            "protocol": "tcp",
                            "port": 80,
                            "intervalInSeconds": 5,
                            "numberOfProbes": 2
                        }
                    }
                ],
                "loadBalancingRules": [
                    {
                        "name": "LBRule",
                        "properties": {
                            "frontendIPConfiguration": {
                                "id": "[concat(variables('loadBalancerId'), '/frontendIPConfigurations/loadBalancerFrontEnd')]"
                            },
                            "backendAddressPool": {
                                "id": "[concat(variables('loadBalancerId'),'/backendAddressPools/bepool')]"
                            },
                            "protocol": "tcp",
                            "frontendPort": 80,
                            "backendPort": 80,
                            "enableFloatingIP": false,
                            "idleTimeoutInMinutes": 5,
                            "probe": {
                                "id": "[concat(variables('loadBalancerId'),'/probes/tcpProbe')]"
                            }
                        }
                    }
                ]
            }
        },
        {
            "type": "Microsoft.Network/networkSecurityGroups",
            "apiVersion": "[variables('networkApiVersion')]",
            "name": "[variables('networkSecurityGroupName')]",
            "location": "[parameters('location')]",
            "properties": {
                "securityRules": [
                    {
                        "name": "allowSSH",
                        "properties": {
                            "description": "Allow SSH traffic",
                            "protocol": "Tcp",
                            "sourcePortRange": "*",
                            "destinationPortRange": "22",
                            "sourceAddressPrefix": "*",
                            "destinationAddressPrefix": "*",
                            "access": "Allow",
                            "priority": 1000,
                            "direction": "Inbound"
                        }
                    },
                    {
                        "name": "allowHTTP",
                        "properties": {
                            "description": "Allow web traffic",
                            "protocol": "Tcp",
                            "sourcePortRange": "*",
                            "destinationPortRange": "80",
                            "sourceAddressPrefix": "*",
                            "destinationAddressPrefix": "*",
                            "access": "Allow",
                            "priority": 1001,
                            "direction": "Inbound"
                        }
                    }
                ]
            }
        },
        {
            "type": "Microsoft.Resources/deployments",
            "apiVersion": "2017-05-10",
            "name": "updateVNet",
            "dependsOn": [
                "[resourceId('Microsoft.Network/networkSecurityGroups', variables('networkSecurityGroupName'))]"
            ],
            "properties": {
                "mode": "Incremental",
                "parameters": {},
                "template": {
                    "$schema": "http://schema.management.azure.com/schemas/2015-01-01/deploymentTemplate.json#",
                    "contentVersion": "1.0.0.0",
                    "parameters": {},
                    "variables": {},
                    "resources": [
                        {
                            "apiVersion": "[variables('networkApiVersion')]",
                            "name": "[parameters('vnetName')]",
                            "type": "Microsoft.Network/virtualNetworks",
                            "location": "[parameters('location')]",
                            "properties": {
                                "provisioningState": "Succeeded",
                                "resourceGuid": "08bede73-0e20-46eb-b84b-ef233801fced",
                                "addressSpace": {
                                    "addressPrefixes": [
                                        "10.0.0.0/24"
                                    ]
                                },
                                "subnets": [
                                    {
                                        "name": "default",
                                        "id": "/subscriptions/9e03d127-df36-49e8-9d72-867082d538aa/resourceGroups/lucasducau/providers/Microsoft.Network/virtualNetworks/lucasducau-vnet/subnets/default",
                                        "etag": "W/\"e8b3718d-504a-45e1-b120-0dc4a5624e74\"",
                                        "properties": {
                                            "provisioningState": "Succeeded",
                                            "addressPrefix": "10.0.0.0/24",
                                            "ipConfigurations": [
                                                {
                                                    "id": "/subscriptions/9e03d127-df36-49e8-9d72-867082d538aa/resourceGroups/lucasducau/providers/Microsoft.Network/networkInterfaces/lucasducau-test944/ipConfigurations/ipconfig1"
                                                },
                                                {
                                                    "id": "/subscriptions/9e03d127-df36-49e8-9d72-867082d538aa/resourceGroups/lucasducau/providers/Microsoft.Network/networkInterfaces/wordpress624/ipConfigurations/ipconfig1"
                                                },
                                                {
                                                    "id": "/subscriptions/9e03d127-df36-49e8-9d72-867082d538aa/resourceGroups/lucasducau/providers/Microsoft.Network/networkInterfaces/db318/ipConfigurations/ipconfig1"
                                                },
                                                {
                                                    "id": "/subscriptions/9e03d127-df36-49e8-9d72-867082d538aa/resourceGroups/lucasducau/providers/Microsoft.Network/networkInterfaces/db2434/ipConfigurations/ipconfig1"
                                                },
                                                {
                                                    "id": "/subscriptions/9e03d127-df36-49e8-9d72-867082d538aa/resourceGroups/lucasducau/providers/Microsoft.Network/networkInterfaces/wordpress3519/ipConfigurations/ipconfig1"
                                                },
                                                {
                                                    "id": "/subscriptions/9e03d127-df36-49e8-9d72-867082d538aa/resourceGroups/lucasducau/providers/Microsoft.Network/networkInterfaces/wordpress4778/ipConfigurations/ipconfig1"
                                                },
                                                {
                                                    "id": "/subscriptions/9e03d127-df36-49e8-9d72-867082d538aa/resourceGroups/lucasducau/providers/Microsoft.Network/networkInterfaces/db4163/ipConfigurations/ipconfig1"
                                                }
                                            ],
                                            "delegations": [],
                                            "networkSecurityGroup": {
                                                "id": "[resourceId('Microsoft.Network/networkSecurityGroups', variables('networkSecurityGroupName'))]"
                                            }
                                        },
                                        "type": "Microsoft.Network/virtualNetworks/subnets"
                                    }
                                ],
                                "virtualNetworkPeerings": [],
                                "enableDdosProtection": false,
                                "enableVmProtection": false
                            },
                            "tags": {}
                        }
                    ]
                }
            },
            "resourceGroup": "[parameters('subnetResourceGroup')]"
        },
        {
            "type": "Microsoft.Compute/virtualMachineScaleSets",
            "apiVersion": "[variables('computeApiVersion')]",
            "name": "[parameters('vmssName')]",
            "location": "[parameters('location')]",
            "dependsOn": [
                "[concat('Microsoft.Network/loadBalancers/', variables('loadBalancerName'))]"
            ],
            "sku": {
                "name": "[parameters('vmSku')]",
                "tier": "Standard",
                "capacity": "[int(parameters('instanceCount'))]"
            },
            "properties": {
                "overprovision": "true",
                "upgradePolicy": {
                    "mode": "[parameters('upgradeMode')]"
                },
                "singlePlacementGroup": "[parameters('singlePlacementGroup')]",
                "virtualMachineProfile": {
                    "storageProfile": {
                        "imageReference": "[parameters('image')]",
                        "osDisk": {
                            "createOption": "FromImage",
                            "caching": "ReadWrite"
                        }
                    },
                    "priority": "[parameters('priority')]",
                    "osProfile": {
                        "computerNamePrefix": "[variables('namingInfix')]",
                        "adminUsername": "[parameters('adminUsername')]",
                        "adminPassword": "[parameters('adminPassword')]"
                    },
                    "networkProfile": {
                        "networkInterfaceConfigurations": [
                            {
                                "name": "[concat(parameters('vmssName'), 'Nic')]",
                                "properties": {
                                    "primary": "true",
                                    "enableAcceleratedNetworking": "[parameters('enableAcceleratedNetworking')]",
                                    "ipConfigurations": [
                                        {
                                            "name": "[concat(parameters('vmssName'), 'IpConfig')]",
                                            "properties": {
                                                "subnet": {
                                                    "id": "[parameters('subnetId')]"
                                                },
                                                "loadBalancerBackendAddressPools": [
                                                    {
                                                        "id": "[reference(variables('loadBalancerName'), variables('networkApiVersion')).backendAddressPools[0].id]"
                                                    }
                                                ],
                                                "loadBalancerInboundNatPools": [
                                                    {
                                                        "id": "[reference(variables('loadBalancerName'), variables('networkApiVersion')).inboundNatPools[0].id]"
                                                    }
                                                ]
                                            }
                                        }
                                    ]
                                }
                            }
                        ]
                    }
                }
            }
        },
        {
            "type": "Microsoft.Insights/autoscaleSettings",
            "apiVersion": "[variables('autoscaleApiVersion')]",
            "name": "[concat('cpuautoscale', variables('namingInfix'))]",
            "location": "[parameters('location')]",
            "dependsOn": [
                "[concat('Microsoft.Compute/virtualMachineScaleSets/', parameters('vmssName'))]"
            ],
            "properties": {
                "name": "[concat('cpuautoscale', variables('namingInfix'))]",
                "targetResourceUri": "[variables('vmssId')]",
                "enabled": true,
                "profiles": [
                    {
                        "name": "Profile1",
                        "capacity": {
                            "minimum": "[parameters('autoscaleMin')]",
                            "maximum": "[parameters('autoscaleMax')]",
                            "default": "[parameters('autoscaleDefault')]"
                        },
                        "rules": [
                            {
                                "metricTrigger": {
                                    "metricName": "Percentage CPU",
                                    "metricNamespace": "",
                                    "metricResourceUri": "[variables('vmssId')]",
                                    "timeGrain": "PT1M",
                                    "statistic": "Average",
                                    "timeWindow": "PT5M",
                                    "timeAggregation": "Average",
                                    "operator": "GreaterThan",
                                    "threshold": "[parameters('scaleOutCPUPercentageThreshold')]"
                                },
                                "scaleAction": {
                                    "direction": "Increase",
                                    "type": "ChangeCount",
                                    "value": "[parameters('scaleOutInterval')]",
                                    "cooldown": "PT1M"
                                }
                            },
                            {
                                "metricTrigger": {
                                    "metricName": "Percentage CPU",
                                    "metricNamespace": "",
                                    "metricResourceUri": "[variables('vmssId')]",
                                    "timeGrain": "PT1M",
                                    "statistic": "Average",
                                    "timeWindow": "PT5M",
                                    "timeAggregation": "Average",
                                    "operator": "LessThan",
                                    "threshold": "[parameters('scaleInCPUPercentageThreshold')]"
                                },
                                "scaleAction": {
                                    "direction": "Decrease",
                                    "type": "ChangeCount",
                                    "value": "[parameters('scaleInInterval')]",
                                    "cooldown": "PT1M"
                                }
                            }
                        ]
                    }
                ]
            }
        }
    ]
}