{
    "$schema": "https://schema.management.azure.com/schemas/2015-01-01/deploymentTemplate.json#",
    "contentVersion": "1.0.0.0",
    "parameters": {
        "sites_nginxwebapp_name": {
            "defaultValue": "nginxwebapp",
            "type": "String"
        },
        "serverfarms_another_name": {
            "defaultValue": "another",
            "type": "String"
        },
        "trafficManagerProfiles_nginx123_name": {
            "defaultValue": "nginx123",
            "type": "String"
        }
    },
    "variables": {},
    "resources": [
        {
            "type": "Microsoft.Web/serverfarms",
            "apiVersion": "2016-09-01",
            "name": "[parameters('serverfarms_another_name')]",
            "location": "Central US",
            "sku": {
                "name": "P1v2",
                "tier": "PremiumV2",
                "size": "P1v2",
                "family": "Pv2",
                "capacity": 1
            },
            "kind": "linux",
            "properties": {
                "name": "[parameters('serverfarms_another_name')]",
                "perSiteScaling": false,
                "reserved": true,
                "targetWorkerCount": 0,
                "targetWorkerSizeId": 0
            }
        },
        {
            "type": "Microsoft.Network/trafficManagerProfiles",
            "apiVersion": "2018-04-01",
            "name": "[parameters('trafficManagerProfiles_nginx123_name')]",
            "location": "global",
            "dependsOn": [
                "[resourceId('Microsoft.Web/sites', parameters('sites_nginxwebapp_name'))]"
            ],
            "properties": {
                "profileStatus": "Enabled",
                "trafficRoutingMethod": "Performance",
                "dnsConfig": {
                    "relativeName": "[parameters('trafficManagerProfiles_nginx123_name')]",
                    "ttl": 60
                },
                "monitorConfig": {
                    "protocol": "HTTP",
                    "port": 80,
                    "path": "/",
                    "intervalInSeconds": 30,
                    "toleratedNumberOfFailures": 3,
                    "timeoutInSeconds": 10
                },
                "endpoints": [
                    {
                        "id": "[concat(resourceId('Microsoft.Network/trafficManagerProfiles', parameters('trafficManagerProfiles_nginx123_name')), '/azureEndpoints/nginxendpoint')]",
                        "name": "nginxendpoint",
                        "type": "Microsoft.Network/trafficManagerProfiles/azureEndpoints",
                        "properties": {
                            "endpointStatus": "Enabled",
                            "targetResourceId": "[resourceId('Microsoft.Web/sites', parameters('sites_nginxwebapp_name'))]",
                            "target": "nginxwebapp.azurewebsites.net",
                            "weight": 1,
                            "priority": 1,
                            "endpointLocation": "Central US"
                        }
                    }
                ],
                "trafficViewEnrollmentStatus": "Disabled",
                "maxReturn": 0
            }
        },
        {
            "type": "Microsoft.Web/sites",
            "apiVersion": "2016-08-01",
            "name": "[parameters('sites_nginxwebapp_name')]",
            "location": "Central US",
            "dependsOn": [
                "[resourceId('Microsoft.Web/serverfarms', parameters('serverfarms_another_name'))]"
            ],
            "kind": "app,linux,container",
            "properties": {
                "enabled": true,
                "hostNameSslStates": [
                    {
                        "name": "nginx123.trafficmanager.net",
                        "sslState": "Disabled",
                        "hostType": "Standard"
                    },
                    {
                        "name": "[concat(parameters('sites_nginxwebapp_name'), '.azurewebsites.net')]",
                        "sslState": "Disabled",
                        "hostType": "Standard"
                    },
                    {
                        "name": "[concat(parameters('sites_nginxwebapp_name'), '.scm.azurewebsites.net')]",
                        "sslState": "Disabled",
                        "hostType": "Repository"
                    }
                ],
                "serverFarmId": "[resourceId('Microsoft.Web/serverfarms', parameters('serverfarms_another_name'))]",
                "reserved": true,
                "scmSiteAlsoStopped": false,
                "clientAffinityEnabled": false,
                "clientCertEnabled": false,
                "hostNamesDisabled": false,
                "containerSize": 0,
                "dailyMemoryTimeQuota": 0,
                "httpsOnly": false
            }
        },
        {
            "type": "Microsoft.Web/sites/config",
            "apiVersion": "2016-08-01",
            "name": "[concat(parameters('sites_nginxwebapp_name'), '/web')]",
            "location": "Central US",
            "dependsOn": [
                "[resourceId('Microsoft.Web/sites', parameters('sites_nginxwebapp_name'))]"
            ],
            "properties": {
                "numberOfWorkers": 1,
                "defaultDocuments": [
                    "Default.htm",
                    "Default.html",
                    "Default.asp",
                    "index.htm",
                    "index.html",
                    "iisstart.htm",
                    "default.aspx",
                    "index.php",
                    "hostingstart.html"
                ],
                "netFrameworkVersion": "v4.0",
                "phpVersion": "",
                "pythonVersion": "",
                "nodeVersion": "",
                "linuxFxVersion": "DOCKER|nginx",
                "requestTracingEnabled": false,
                "remoteDebuggingEnabled": false,
                "httpLoggingEnabled": false,
                "logsDirectorySizeLimit": 35,
                "detailedErrorLoggingEnabled": false,
                "publishingUsername": "$nginxwebapp",
                "scmType": "None",
                "use32BitWorkerProcess": true,
                "webSocketsEnabled": false,
                "alwaysOn": true,
                "appCommandLine": "",
                "managedPipelineMode": "Integrated",
                "virtualApplications": [
                    {
                        "virtualPath": "/",
                        "physicalPath": "site\\wwwroot",
                        "preloadEnabled": true,
                        "virtualDirectories": null
                    }
                ],
                "winAuthAdminState": 0,
                "winAuthTenantState": 0,
                "customAppPoolIdentityAdminState": false,
                "customAppPoolIdentityTenantState": false,
                "loadBalancing": "LeastRequests",
                "routingRules": [],
                "experiments": {
                    "rampUpRules": []
                },
                "autoHealEnabled": false,
                "vnetName": "",
                "siteAuthEnabled": false,
                "siteAuthSettings": {
                    "enabled": null,
                    "unauthenticatedClientAction": null,
                    "tokenStoreEnabled": null,
                    "allowedExternalRedirectUrls": null,
                    "defaultProvider": null,
                    "clientId": null,
                    "clientSecret": null,
                    "clientSecretCertificateThumbprint": null,
                    "issuer": null,
                    "allowedAudiences": null,
                    "additionalLoginParams": null,
                    "isAadAutoProvisioned": false,
                    "googleClientId": null,
                    "googleClientSecret": null,
                    "googleOAuthScopes": null,
                    "facebookAppId": null,
                    "facebookAppSecret": null,
                    "facebookOAuthScopes": null,
                    "twitterConsumerKey": null,
                    "twitterConsumerSecret": null,
                    "microsoftAccountClientId": null,
                    "microsoftAccountClientSecret": null,
                    "microsoftAccountOAuthScopes": null
                },
                "localMySqlEnabled": false,
                "http20Enabled": false,
                "minTlsVersion": "1.2",
                "ftpsState": "AllAllowed",
                "reservedInstanceCount": 0
            }
        },
        {
            "type": "Microsoft.Web/sites/hostNameBindings",
            "apiVersion": "2016-08-01",
            "name": "[concat(parameters('sites_nginxwebapp_name'), '/nginx123.trafficmanager.net')]",
            "location": "Central US",
            "dependsOn": [
                "[resourceId('Microsoft.Web/sites', parameters('sites_nginxwebapp_name'))]"
            ],
            "properties": {
                "siteName": "nginxwebapp",
                "hostNameType": "Verified"
            }
        },
        {
            "type": "Microsoft.Web/sites/hostNameBindings",
            "apiVersion": "2016-08-01",
            "name": "[concat(parameters('sites_nginxwebapp_name'), '/', parameters('sites_nginxwebapp_name'), '.azurewebsites.net')]",
            "location": "Central US",
            "dependsOn": [
                "[resourceId('Microsoft.Web/sites', parameters('sites_nginxwebapp_name'))]"
            ],
            "properties": {
                "siteName": "nginxwebapp",
                "hostNameType": "Verified"
            }
        }
    ]
}