{
    "$schema": "https://schema.management.azure.com/schemas/2015-01-01/deploymentParameters.json#",
    "contentVersion": "1.0.0.0",
    "parameters": {
        "subscriptionId": {
            "value": "9e03d127-df36-49e8-9d72-867082d538aa"
        },
        "name": {
            "value": "nginxlucas"
        },
        "location": {
            "value": "Central US"
        },
        "hostingEnvironment": {
            "value": ""
        },
        "hostingPlanName": {
            "value": "nginxappserviceplan"
        },
        "serverFarmResourceGroup": {
            "value": "nginx2"
        },
        "alwaysOn": {
            "value": true
        },
        "sku": {
            "value": "Standard"
        },
        "skuCode": {
            "value": "S1"
        },
        "workerSize": {
            "value": "0"
        },
        "workerSizeId": {
            "value": "0"
        },
        "numberOfWorkers": {
            "value": "1"
        },
        "linuxFxVersion": {
            "value": "DOCKER|nginx"
        },
        "dockerRegistryUrl": {
            "value": "https://index.docker.io"
        },
        "dockerRegistryUsername": {
            "value": ""
        },
        "dockerRegistryPassword": {
            "value": null
        },
        "dockerRegistryStartupCommand": {
            "value": ""
        }
    }
}