{
    "$schema": "https://schema.management.azure.com/schemas/2015-01-01/deploymentTemplate.json#",
    "contentVersion": "1.0.0.0",
    "parameters": {
        "trafficManagerProfiles_cesargatotf_name": {
            "defaultValue": "cesargatotf",
            "type": "String"
        }
    },
    "variables": {},
    "resources": [
        {
            "type": "Microsoft.Network/trafficManagerProfiles",
            "apiVersion": "2018-04-01",
            "name": "[parameters('trafficManagerProfiles_cesargatotf_name')]",
            "location": "global",
            "properties": {
                "profileStatus": "Enabled",
                "trafficRoutingMethod": "Performance",
                "dnsConfig": {
                    "relativeName": "[parameters('trafficManagerProfiles_cesargatotf_name')]",
                    "ttl": 60
                },
                "monitorConfig": {
                    "protocol": "HTTP",
                    "port": 80,
                    "path": "/",
                    "intervalInSeconds": 30,
                    "toleratedNumberOfFailures": 3,
                    "timeoutInSeconds": 10
                },
                "endpoints": [],
                "trafficViewEnrollmentStatus": "Disabled",
                "maxReturn": 0
            }
        }
    ]
}