{
  "id": "/subscriptions/9e03d127-df36-49e8-9d72-867082d538aa/resourceGroups/lucasducau/providers/Microsoft.Resources/deployments/Microsoft.SQLDatabase.newDatabaseNewServer_af53bcd04e9a479292a4d",
  "name": "Microsoft.SQLDatabase.newDatabaseNewServer_af53bcd04e9a479292a4d",
  "properties": {
    "templateHash": "15610037260738832487",
    "parameters": {
      "administratorLogin": {
        "type": "String",
        "value": "lucasducau"
      },
      "administratorLoginPassword": {
        "type": "SecureString"
      },
      "collation": {
        "type": "String",
        "value": "SQL_Latin1_General_CP1_CI_AS"
      },
      "databaseName": {
        "type": "String",
        "value": "sql-db-service"
      },
      "tier": {
        "type": "String",
        "value": "Basic"
      },
      "skuName": {
        "type": "String",
        "value": "Basic"
      },
      "location": {
        "type": "String",
        "value": "southcentralus"
      },
      "maxSizeBytes": {
        "type": "Int",
        "value": 2147483648
      },
      "serverName": {
        "type": "String",
        "value": "sql-db-service"
      },
      "sampleName": {
        "type": "String",
        "value": ""
      },
      "zoneRedundant": {
        "type": "Bool",
        "value": false
      },
      "licenseType": {
        "type": "String",
        "value": ""
      },
      "readScaleOut": {
        "type": "String",
        "value": "Disabled"
      },
      "numberOfReplicas": {
        "type": "Int",
        "value": 0
      },
      "minCapacity": {
        "type": "String",
        "value": ""
      },
      "autoPauseDelay": {
        "type": "String",
        "value": ""
      },
      "enableADS": {
        "type": "Bool",
        "value": false
      },
      "allowAzureIps": {
        "type": "Bool",
        "value": true
      },
      "databaseTags": {
        "type": "Object",
        "value": {}
      },
      "serverTags": {
        "type": "Object",
        "value": {}
      },
      "enableVA": {
        "type": "Bool",
        "value": false
      }
    },
    "mode": "Incremental",
    "debugSetting": {
      "detailLevel": "None"
    },
    "provisioningState": "Running",
    "timestamp": "2019-07-08T13:46:49.3559046Z",
    "duration": "PT4.0055508S",
    "correlationId": "378a2154-0405-4ef3-b2df-557483d14031",
    "providers": [
      {
        "namespace": "Microsoft.Sql",
        "resourceTypes": [
          {
            "resourceType": "servers",
            "locations": [
              "southcentralus"
            ]
          },
          {
            "resourceType": "servers/databases",
            "locations": [
              "southcentralus"
            ]
          },
          {
            "resourceType": "servers/firewallrules",
            "locations": [
              "southcentralus"
            ]
          }
        ]
      }
    ],
    "dependencies": [
      {
        "dependsOn": [
          {
            "id": "/subscriptions/9e03d127-df36-49e8-9d72-867082d538aa/resourceGroups/lucasducau/providers/Microsoft.Sql/servers/sql-db-service",
            "resourceType": "Microsoft.Sql/servers",
            "resourceName": "sql-db-service"
          }
        ],
        "id": "/subscriptions/9e03d127-df36-49e8-9d72-867082d538aa/resourceGroups/lucasducau/providers/Microsoft.Sql/servers/sql-db-service/databases/sql-db-service",
        "resourceType": "Microsoft.Sql/servers/databases",
        "resourceName": "sql-db-service/sql-db-service"
      },
      {
        "dependsOn": [
          {
            "id": "/subscriptions/9e03d127-df36-49e8-9d72-867082d538aa/resourceGroups/lucasducau/providers/Microsoft.Sql/servers/sql-db-service",
            "resourceType": "Microsoft.Sql/servers",
            "resourceName": "sql-db-service"
          }
        ],
        "id": "/subscriptions/9e03d127-df36-49e8-9d72-867082d538aa/resourceGroups/lucasducau/providers/Microsoft.Sql/servers/sql-db-service/firewallrules/AllowAllWindowsAzureIps",
        "resourceType": "Microsoft.Sql/servers/firewallrules",
        "resourceName": "sql-db-service/AllowAllWindowsAzureIps"
      },
      {
        "dependsOn": [
          {
            "id": "/subscriptions/9e03d127-df36-49e8-9d72-867082d538aa/resourceGroups/lucasducau/providers/Microsoft.Sql/servers/sql-db-service",
            "resourceType": "Microsoft.Sql/servers",
            "resourceName": "sql-db-service"
          },
          {
            "id": "/subscriptions/9e03d127-df36-49e8-9d72-867082d538aa/resourceGroups/lucasducau/providers/Microsoft.Sql/servers/sql-db-service/databases/sql-db-service",
            "resourceType": "Microsoft.Sql/servers/databases",
            "resourceName": "sql-db-service/sql-db-service"
          }
        ],
        "id": "/subscriptions/9e03d127-df36-49e8-9d72-867082d538aa/resourceGroups/lucasducau/providers/Microsoft.Sql/servers/sql-db-service/securityAlertPolicies/Default",
        "resourceType": "Microsoft.Sql/servers/securityAlertPolicies",
        "resourceName": "sql-db-service/Default"
      },
      {
        "dependsOn": [
          {
            "id": "/subscriptions/9e03d127-df36-49e8-9d72-867082d538aa/resourceGroups/lucasducau/providers/Microsoft.Sql/servers/sql-db-service",
            "resourceType": "Microsoft.Sql/servers",
            "resourceName": "sql-db-service"
          },
          {
            "id": "/subscriptions/9e03d127-df36-49e8-9d72-867082d538aa/resourceGroups/lucasducau/providers/Microsoft.Storage/storageAccounts/sqlva4jncixa2w6mkq",
            "resourceType": "Microsoft.Storage/storageAccounts",
            "resourceName": "sqlva4jncixa2w6mkq"
          },
          {
            "id": "/subscriptions/9e03d127-df36-49e8-9d72-867082d538aa/resourceGroups/lucasducau/providers/Microsoft.Sql/servers/sql-db-service/securityAlertPolicies/Default",
            "resourceType": "Microsoft.Sql/servers/securityAlertPolicies",
            "resourceName": "sql-db-service/Default"
          }
        ],
        "id": "/subscriptions/9e03d127-df36-49e8-9d72-867082d538aa/resourceGroups/lucasducau/providers/Microsoft.Sql/servers/sql-db-service/vulnerabilityAssessments/Default",
        "resourceType": "Microsoft.Sql/servers/vulnerabilityAssessments",
        "resourceName": "sql-db-service/Default"
      }
    ],
    "validationLevel": "Template"
  }
}