{
    "$schema": "https://schema.management.azure.com/schemas/2015-01-01/deploymentParameters.json#",
    "contentVersion": "1.0.0.0",
    "parameters": {
        "location": {
            "value": "brazilsouth"
        },
        "storageAccountName": {
            "value": "wordpressdb"
        },
        "accountType": {
            "value": "Standard_RAGRS"
        },
        "kind": {
            "value": "StorageV2"
        },
        "accessTier": {
            "value": "Cool"
        },
        "supportsHttpsTrafficOnly": {
            "value": false
        }
    }
}